"COD_parcela";"nr_arboles"
"1-A-4";24
"10-A-1";22
"100-A-1";20
"1000-A-4";55
"1001-A-1";40
"1008-A-1";6
"1015-A-3C";6
"1015-A-3E";1
"1018-A-1";54
"1019-A-1";5
"1020-A-1";8
"1021-A-4";10
"1022-A-3C";5
"1022-A-3E";1
"1028-A-3C";2
"1029-A-1";15
"103-A-1";9
"1031-A-3C";8
"1032-A-4";21
"1033-A-1";4
"1035-A-1";16
"1036-A-3C";2
"1036-A-3E";4
"1038-A-3C";14
"1038-A-3E";10
"1039-A-4";4
"104-A-1";14
"1040-A-1";12
"1044-A-1";8
"1046-A-1";10
"1047-A-1";26
"1048-A-1";18
"105-A-1";10
"1055-A-1";15
"1059-A-3C";18
"1060-A-3C";2
"1061-A-1";16
"1062-A-1";21
"1063-A-3C";5
"1063-A-3E";17
"1066-A-1";6
"1068-A-1";4
"107-A-1";7
"1070-A-4";11
"1071-A-1";4
"1073-A-1";27
"1074-A-1";44
"1075-A-1";77
"1079-A-1";7
"1080-A-1";3
"1082-A-1";23
"1083-A-1";36
"1087-A-1";10
"1088-A-1";19
"1090-A-1";11
"1091-A-3C";3
"1091-A-3E";5
"1092-A-3C";6
"1092-A-3E";17
"1093-A-1";10
"1094-A-1";4
"1095-A-3C";13
"1095-A-3E";14
"1096-A-1";32
"1097-A-1";2
"1098-A-1";7
"1099-A-1";12
"11-A-4";15
"1102-A-3C";5
"1102-A-3E";5
"1105-A-3C";1
"1105-A-3E";3
"1106-A-1";22
"1107-A-1";28
"1109-A-1";8
"111-A-3C";11
"111-A-3E";2
"1110-A-1";12
"1111-A-1";20
"1112-A-1";34
"1113-A-3C";13
"1113-A-3E";25
"1114-A-1";12
"1115-A-1";23
"1116-A-1";4
"1117-A-1";10
"1118-A-4";11
"1119-A-3C";7
"1119-A-3E";17
"112-A-1";22
"1120-A-1";15
"1121-A-4";22
"1122-A-1";1
"1123-A-1";23
"1124-A-3C";4
"1124-A-3E";8
"1125-A-3C";30
"1125-A-3E";15
"1126-A-1";10
"1127-A-1";6
"1130-A-1";10
"1131-A-1";18
"1132-A-1";12
"1133-A-1";22
"1134-A-1";12
"1135-A-1";15
"1136-A-1";14
"1137-A-1";18
"1138-A-1";32
"1139-A-1";21
"114-A-3C";10
"114-A-3E";4
"1140-A-1";24
"1141-A-1";2
"1143-A-1";4
"1144-A-1";10
"1145-A-1";4
"1148-A-3C";8
"1148-A-3E";12
"1149-A-1";3
"115-A-3C";9
"115-A-3E";19
"1151-A-1";7
"1152-A-1";4
"1153-A-1";1
"1154-A-1";4
"1155-A-1";17
"1156-A-1";10
"1158-A-1";17
"1161-A-1";18
"1165-A-1";6
"1171-A-1";1
"1173-A-1";34
"1176-A-3E";15
"1177-A-1";21
"1180-A-1";7
"1181-A-1";16
"1182-A-1";21
"1184-A-3C";23
"1184-A-3E";43
"1187-A-1";22
"1188-A-1";27
"1189-A-1";20
"119-A-1";5
"1191-A-4";11
"1193-A-1";42
"1196-A-1";9
"1197-A-1";10
"12-A-1";16
"120-A-1";25
"1200-A-3C";21
"1200-A-3E";3
"1201-A-1";9
"1202-A-4";8
"1203-A-1";6
"1204-A-1";9
"1205-A-4C";16
"1206-A-1";11
"1207-A-1";56
"1208-A-1";10
"121-A-1";7
"1211-A-1";7
"1214-A-1";11
"1216-A-1";17
"1219-A-1";30
"122-A-3C";13
"1220-A-1";66
"1221-A-1";14
"1222-A-1";15
"1223-A-1";13
"1224-A-3C";26
"1225-A-1";13
"1226-A-1";5
"1228-A-1";25
"1229-A-1";52
"123-A-1";16
"1230-A-1";14
"1231-A-4";1
"1232-A-3C";17
"1232-A-3E";16
"1233-A-1";7
"1234-A-4";6
"1236-A-1";52
"1237-A-3C";34
"1237-A-3E";49
"1238-A-1";2
"1239-A-1";4
"1240-A-1";26
"1241-A-4";2
"1244-A-1";44
"1245-A-3C";5
"1245-A-3E";16
"1246-A-1";2
"1247-A-3C";15
"1247-A-3E";2
"1249-A-1";24
"125-A-1";14
"1252-A-1";35
"1253-A-1";31
"1254-A-1";1
"1256-A-1";13
"126-A-4";1
"1260-A-1";12
"1263-A-1";2
"1264-A-1";4
"1265-A-4";3
"1268-A-1";3
"1269-A-1";13
"1270-A-1";17
"1271-A-1";6
"1272-A-3C";20
"1272-A-3E";2
"1276-A-1";3
"1279-A-1";9
"1280-A-1";43
"1285-A-4";21
"1288-A-1";14
"1289-A-1";33
"1290-A-1";7
"1298-A-1";12
"1299-A-1";47
"13-A-1";31
"1302-A-1";22
"1303-A-4";17
"1305-A-1";18
"1306-A-1";27
"1307-A-1";6
"1309-A-1";36
"1310-A-4";26
"1311-A-1";41
"1312-A-1";8
"1313-A-1";10
"1314-A-1";6
"1315-A-1";33
"1316-A-1";12
"1318-A-1";2
"1319-A-1";3
"132-A-1";7
"1320-A-1";17
"1321-A-3C";33
"1321-A-3E";10
"1322-A-1";1
"1323-A-3C";10
"1323-A-3E";1
"1324-A-1";13
"1325-A-1";39
"1326-A-3C";10
"1326-A-3E";14
"1327-A-3C";35
"1327-A-3E";22
"1328-A-3C";39
"1328-A-3E";40
"1329-A-1";8
"1330-A-3C";25
"1330-A-3E";1
"1331-A-4";18
"1332-A-1";31
"1333-A-1";49
"1334-A-1";28
"1335-A-4";36
"1336-A-1";10
"1338-A-1";39
"1339-A-1";23
"134-A-1";9
"1340-A-1";21
"1341-A-1";21
"1342-A-1";48
"1343-A-4C";27
"1344-A-1";3
"1345-A-1";15
"1346-A-3C";26
"1346-A-3E";19
"1347-A-4";19
"1348-A-1";48
"1349-A-1";58
"135-A-1";8
"1350-A-1";21
"1351-A-1";26
"1352-A-3C";19
"1352-A-3E";35
"1353-A-1";30
"1354-A-1";32
"1355-A-3E";43
"1356-A-3C";41
"1356-A-3E";40
"1357-A-1";12
"1358-A-1";35
"1359-A-1";53
"136-A-1";16
"1360-A-1";27
"1361-A-1";30
"1362-A-1";25
"1363-A-1";21
"1364-A-3C";48
"1364-A-3E";15
"1365-A-1";83
"1366-A-1";46
"1367-A-1";21
"1368-A-1";51
"137-A-1";2
"1370-A-1";54
"1372-A-1";39
"1373-A-1";63
"1376-A-3C";37
"1376-A-3E";2
"1390-A-1";39
"1394-A-3E";6
"1395-A-1";43
"1398-A-1";37
"14-A-4";29
"1402-A-1";29
"1406-A-3C";21
"1407-A-1";16
"1408-A-1";16
"1411-A-3C";10
"1411-A-3E";1
"1413-A-1";19
"1414-A-1";6
"1416-A-1";35
"1419-A-1";61
"1420-A-1";11
"1421-A-1";37
"1424-A-1";5
"1428-A-3E";13
"1429-A-3C";4
"1429-A-3E";7
"1430-A-1";1
"1431-A-1";43
"1432-A-1";2
"1434-A-1";32
"1436-A-1";26
"1437-A-1";8
"1439-A-1";3
"1441-A-3C";16
"1441-A-3E";39
"1443-A-3C";35
"1443-A-3E";25
"1444-A-1";22
"1445-A-1";3
"1446-A-1";5
"1447-A-1";54
"1448-A-1";5
"145-A-1";11
"1450-A-1";10
"1452-A-1";26
"1453-A-3C";15
"1453-A-3E";31
"1454-A-1";40
"1459-A-1";19
"1460-A-1";33
"1464-A-3C";7
"1467-A-4";3
"1469-A-1";27
"1473-A-3C";15
"1473-A-3E";6
"1474-A-4";4
"1475-A-3C";14
"1476-A-1";12
"1477-A-3C";3
"1477-A-3E";4
"1478-A-4C";3
"1479-A-4C";1
"148-A-1";19
"1481-A-1";13
"1482-A-1";7
"1483-A-1";1
"1484-A-1";2
"1485-A-1";20
"1486-A-1";5
"1488-A-3C";5
"1488-A-3E";8
"1493-A-1";9
"1494-A-1";15
"1495-A-1";11
"1498-A-4";3
"1499-A-1";11
"15-A-1";11
"1500-A-1";17
"1502-A-1";4
"1503-A-1";15
"151-A-1";9
"1511-A-4";6
"1514-A-3C";2
"1514-A-3E";6
"1516-A-1";12
"152-A-1";11
"1522-A-1";12
"1523-A-1";5
"1525-A-1";26
"1527-A-1";19
"1528-A-1";11
"1529-A-3C";6
"1529-A-3E";10
"1531-A-4";9
"1532-A-1";7
"1533-A-4C";11
"1534-A-3C";2
"1534-A-3E";3
"1536-A-1";8
"1537-A-1";12
"1538-A-1";14
"1539-A-3C";14
"1539-A-3E";8
"154-A-1";33
"1540-A-4";3
"1543-A-1";22
"1545-A-3C";8
"1545-A-3E";6
"1546-A-4";1
"1547-A-1";4
"1548-A-1";9
"1549-A-1";16
"155-A-1";6
"1550-A-4";15
"1551-A-1";14
"1552-A-1";23
"1553-A-1";21
"1554-A-1";16
"1555-A-1";12
"1556-A-1";30
"1557-A-4C";2
"1560-A-1";15
"1562-A-1";7
"1564-A-1";3
"1566-A-1";8
"1567-A-1";5
"1568-A-1";14
"1570-A-3C";19
"1570-A-3E";11
"1574-A-1";10
"1575-A-3C";18
"1576-A-3C";27
"1576-A-3E";31
"1578-A-1";25
"1579-A-4";7
"158-A-4C";1
"1580-A-4";9
"1581-A-1";12
"1582-A-1";9
"1583-A-1";20
"1584-A-1";15
"1585-A-1";35
"1586-A-1";8
"1587-A-3C";1
"1589-A-1";9
"1592-A-3C";7
"1592-A-3E";7
"1593-A-1";14
"1595-A-1";33
"1597-A-1";1
"1599-A-1";16
"16-A-1";7
"160-A-1";11
"1600-A-1";12
"1603-A-1";7
"1604-A-1";6
"1608-A-4";3
"1609-A-1";15
"161-A-1";17
"1613-A-1";9
"1615-A-1";12
"1617-A-1";13
"1619-A-1";1
"162-A-1";27
"1620-A-4";6
"1622-A-1";5
"163-A-1";19
"1632-A-1";13
"1633-A-1";7
"1635-A-1";8
"1636-A-1";12
"1644-A-1";9
"1645-A-1";9
"1646-A-1";17
"1647-A-1";11
"1648-A-3C";10
"1648-A-3E";4
"165-A-1";8
"1650-A-1";2
"1653-A-1";29
"1656-A-1";14
"1657-A-1";22
"1658-A-1";9
"166-A-3C";8
"166-A-3E";7
"1662-A-1";7
"1663-A-1";9
"1664-A-1";6
"1665-A-1";7
"1667-A-1";41
"1670-A-3C";13
"1672-A-1";21
"1674-A-1";24
"1675-A-1";14
"1677-A-1";7
"1678-A-1";14
"168-A-3C";5
"1682-A-1";19
"1688-A-3C";15
"1688-A-3E";1
"1689-A-3C";3
"1689-A-3E";16
"169-A-1";48
"1691-A-1";16
"1692-A-1";38
"1694-A-4";2
"1695-A-3C";21
"1696-A-3C";48
"1696-A-3E";2
"1698-A-1";84
"1699-A-1";24
"17-A-1";15
"170-A-1";3
"1701-A-3C";30
"1701-A-3E";41
"1703-A-1";9
"1704-A-1";4
"1705-A-1";12
"1707-A-3C";40
"1707-A-3E";44
"1709-A-1";24
"171-A-3C";6
"171-A-3E";14
"1710-A-1";20
"1711-A-1";29
"1712-A-1";11
"1713-A-3C";12
"1713-A-3E";1
"1719-A-1";20
"1721-A-1";27
"1722-A-4C";1
"1723-A-1";21
"1726-A-1";21
"1736-A-1";4
"1737-A-1";23
"1738-A-4";8
"1744-A-1";11
"1745-A-1";1
"1746-A-1";3
"1748-A-3C";2
"1748-A-3E";5
"1749-A-1";3
"175-A-1";2
"1752-A-1";19
"1756-A-1";7
"1758-A-1";3
"176-A-1";2
"1761-A-1";8
"1764-A-1";8
"1766-A-1";7
"177-A-1";18
"1774-A-1";19
"1776-A-4";34
"178-A-1";51
"1791-A-3C";17
"1792-A-1";25
"1794-A-3C";4
"1796-A-1";16
"18-A-4";7
"180-A-1";7
"1800-A-1";4
"1802-A-1";22
"1806-A-1";2
"181-A-1";24
"1810-A-3C";1
"1810-A-3E";10
"1811-A-3C";3
"1811-A-3E";7
"1812-A-3C";5
"1812-A-3E";4
"1815-A-1";1
"1831-A-3C";11
"1832-A-1";20
"1834-A-1";21
"1837-A-1";6
"1838-A-1";12
"1839-A-1";15
"184-A-1";17
"1841-A-3E";6
"1843-A-1";14
"1844-A-3C";17
"1844-A-3E";31
"1846-A-6C";15
"1848-A-6C";21
"1850-A-6C";35
"1851-A-6C";5
"1852-A-6C";30
"1853-A-6C";21
"1854-A-6C";11
"1855-A-1";34
"1859-A-1";22
"186-A-3C";6
"186-A-3E";4
"1863-A-6C";4
"1864-A-6C";34
"1865-A-6C";5
"1866-A-6C";11
"1867-A-6C";17
"187-A-1";3
"1871-A-6C";4
"1873-A-6C";34
"1875-A-6C";4
"1877-A-6C";23
"1879-A-6C";4
"188-A-1";3
"1881-A-6C";28
"189-A-4";16
"19-A-1";11
"190-A-4";3
"192-A-1";3
"193-A-4";29
"194-A-1";9
"195-A-3C";9
"195-A-3E";7
"196-A-3C";11
"196-A-3E";11
"197-A-1";3
"198-A-4C";2
"199-A-1";8
"2-A-1";3
"20-A-1";6
"2000-N-N";13
"2002-N-N";1
"2003-N-N";7
"2005-N-N";13
"2006-N-N";6
"2007-N-N";17
"2010-N-N";12
"2011-N-N";3
"2012-N-N";2
"2013-N-N";2
"2014-N-N";7
"2015-N-N";11
"2016-N-N";29
"2018-N-N";4
"202-A-1";3
"2020-N-N";4
"2022-N-N";25
"203-A-1";13
"2030-N-N";1
"2031-N-N";6
"2036-N-N";15
"2037-N-N";3
"2039-N-N";1
"204-A-1";9
"2040-N-N";7
"2041-N-N";4
"2044-N-N";24
"2045-N-N";8
"2048-N-N";1
"205-A-4";3
"2054-N-N";1
"2055-N-N";4
"2056-N-N";21
"2058-N-N";1
"2059-N-N";25
"206-A-1";12
"2062-N-N";12
"2063-N-N";8
"2064-N-N";8
"2066-N-N";1
"207-A-1";8
"2073-N-N";16
"2074-N-N";9
"2077-N-N";13
"2078-N-N";6
"2079-N-N";5
"208-A-1";5
"2082-N-N";4
"2084-N-N";33
"2087-N-N";1
"2089-N-N";7
"209-A-1";20
"2092-N-N";2
"2094-N-N";1
"2095-N-N";6
"2097-N-N";1
"2099-N-N";3
"21-A-1";19
"210-A-3C";1
"2100-N-N";3
"2103-N-N";5
"2106-N-N";1
"2107-N-N";2
"2108-N-N";9
"2110-N-N";12
"2111-N-N";3
"2113-N-N";3
"2116-N-N";1
"2117-N-N";10
"212-A-1";2
"2121-N-N";4
"2122-N-N";5
"2123-N-N";1
"2125-N-N";1
"2126-N-N";11
"2128-N-N";2
"2129-N-N";24
"2134-N-N";2
"2136-N-N";1
"2138-N-N";1
"2142-N-N";19
"2143-N-N";1
"2144-N-N";1
"2147-N-N";2
"2149-N-N";12
"215-A-1";8
"2150-N-N";14
"2151-N-N";3
"2152-N-N";2
"2155-N-N";7
"2156-N-N";1
"2158-N-N";3
"2159-N-N";3
"216-A-1";1
"2160-N-N";4
"2162-N-N";26
"2164-N-N";2
"2165-N-N";17
"2166-N-N";4
"2167-N-N";3
"2168-N-N";49
"2169-N-N";7
"217-A-1";10
"2170-N-N";2
"2172-N-N";3
"2173-N-N";3
"2174-N-N";6
"2175-N-N";1
"2176-N-N";7
"2178-N-N";11
"2179-N-N";1
"218-A-3C";9
"218-A-3E";1
"2181-N-N";8
"2182-N-N";1
"2184-N-N";3
"2185-N-N";5
"2190-N-N";2
"2193-N-N";12
"2194-N-N";4
"2198-N-N";44
"2199-N-N";15
"2200-N-N";21
"2201-N-N";12
"2203-N-N";5
"2204-N-N";7
"2206-N-N";12
"2207-N-N";2
"2208-N-N";23
"2209-N-N";1
"221-A-1";37
"2210-N-N";29
"2212-N-N";46
"2213-N-N";3
"2214-N-N";43
"222-A-1";5
"2220-N-N";5
"2222-N-N";2
"2224-N-N";7
"2225-N-N";36
"2226-N-N";5
"2228-N-N";2
"2229-N-N";31
"2232-N-N";15
"2234-N-N";1
"2236-N-N";11
"2237-N-N";4
"224-A-1";7
"2241-N-N";6
"2242-N-N";1
"2244-N-N";19
"2245-N-N";5
"2246-N-N";16
"2247-N-N";13
"2248-N-N";14
"2249-N-N";6
"225-A-3C";10
"2253-N-N";27
"2254-N-N";1
"2255-N-N";3
"2256-N-N";4
"2257-N-N";8
"2260-N-N";4
"2263-N-N";6
"2264-N-N";13
"2265-N-N";6
"2267-N-N";14
"2269-N-N";9
"2271-N-N";29
"2272-N-N";13
"2273-N-N";36
"2274-N-N";20
"2275-N-N";20
"2277-N-N";2
"2279-N-N";5
"2281-N-N";8
"2285-N-N";8
"2288-N-N";18
"2289-N-N";22
"229-A-1";19
"2290-N-N";1
"2291-N-N";37
"2292-N-N";17
"2294-N-N";18
"2295-N-N";5
"2296-N-N";23
"2297-N-N";20
"2299-N-N";21
"23-A-4";6
"230-A-3C";8
"230-A-3E";3
"2300-N-N";3
"2301-N-N";1
"2303-N-N";16
"2304-N-N";17
"2306-N-N";5
"2307-N-N";33
"2308-N-N";3
"2310-N-N";30
"2311-N-N";14
"2312-N-N";3
"2313-N-N";2
"2314-N-N";4
"2315-N-N";1
"2319-N-N";11
"232-A-1";6
"2320-N-N";7
"2321-N-N";24
"2323-N-N";17
"2324-N-N";14
"2325-N-N";1
"2326-N-N";16
"2327-N-N";7
"2328-N-N";4
"2329-N-N";23
"233-A-1";25
"2332-N-N";3
"2333-N-N";25
"2335-N-N";2
"2337-N-N";3
"2338-N-N";2
"2339-N-N";11
"234-A-1";18
"2342-N-N";3
"2345-N-N";2
"2346-N-N";5
"2347-N-N";8
"2350-N-N";36
"2351-N-N";17
"2352-N-N";7
"2353-N-N";8
"2354-N-N";9
"2355-N-N";17
"2357-N-N";1
"2358-N-N";4
"2359-N-N";1
"236-A-1";3
"2360-N-N";2
"2364-N-N";6
"2366-N-N";2
"2367-N-N";5
"2368-N-N";4
"2369-N-N";10
"237-A-1";26
"2370-N-N";1
"2372-N-N";6
"2374-N-N";8
"2375-N-N";1
"2377-N-N";11
"238-A-1";19
"2380-N-N";1
"2381-N-N";5
"2382-N-N";31
"2384-N-N";32
"2385-N-N";10
"2386-N-N";1
"2387-N-N";8
"2388-N-N";4
"2389-N-N";8
"239-A-1";11
"2390-N-N";30
"2391-N-N";24
"2392-N-N";3
"2398-N-N";2
"24-A-1";25
"2401-N-N";17
"2405-N-N";12
"2408-N-N";4
"2409-N-N";6
"2412-N-N";4
"2414-N-N";14
"2418-N-N";1
"242-A-1";26
"2420-N-N";15
"2421-N-N";3
"2422-N-N";15
"2423-N-N";19
"2424-N-N";29
"2425-N-N";28
"2426-N-N";20
"2427-N-N";5
"2429-N-N";42
"243-A-1";29
"2430-N-N";36
"2431-N-N";40
"2432-N-N";24
"2433-N-N";32
"2434-N-N";20
"2435-N-N";18
"2436-N-N";45
"2438-N-N";36
"244-A-1";7
"2440-N-N";21
"2441-N-N";18
"2442-N-N";12
"2444-N-N";8
"2446-N-N";1
"2448-N-N";13
"2449-N-N";7
"2450-N-N";2
"2451-N-N";1
"2452-N-N";26
"2453-N-N";4
"2454-N-N";1
"2455-N-N";7
"2456-N-N";6
"2458-N-N";2
"2461-N-N";4
"2462-N-N";1
"2464-N-N";5
"2465-N-N";5
"2467-N-N";4
"247-A-1";1
"2471-N-N";9
"2473-N-N";4
"2474-N-N";2
"2475-N-N";7
"2476-N-N";3
"2477-N-N";10
"2478-N-N";1
"248-A-3C";14
"248-A-3E";32
"2481-N-N";14
"2483-N-N";9
"2486-N-N";9
"2487-N-N";11
"2488-N-N";1
"249-A-4";16
"2490-N-N";18
"2492-N-N";2
"2495-N-N";6
"2496-N-N";6
"2497-N-N";9
"2499-N-N";31
"25-A-1";16
"2500-N-N";5
"2503-N-N";3
"2504-N-N";17
"2505-N-N";1
"2506-N-N";34
"2507-N-N";11
"251-A-1";10
"2510-N-N";14
"2511-N-N";34
"2514-N-N";40
"2515-N-N";7
"2516-N-N";12
"2517-N-N";8
"2518-N-N";5
"2519-N-N";2
"2520-N-N";2
"2522-N-N";3
"2523-N-N";5
"2526-N-N";1
"2527-N-N";24
"2528-N-N";4
"253-A-4";16
"2530-N-N";2
"2531-N-N";6
"2532-N-N";25
"2533-N-N";4
"2536-N-N";2
"2537-N-N";1
"2538-N-N";24
"2539-N-N";21
"254-A-1";35
"2541-N-N";6
"2543-N-N";9
"2544-N-N";1
"2548-N-N";15
"255-A-1";19
"2551-N-N";5
"2555-N-N";3
"2556-N-N";15
"2557-N-N";10
"256-A-4";18
"2566-N-N";5
"257-A-1";4
"2571-N-N";1
"2573-N-N";16
"2576-N-N";6
"2579-N-N";10
"258-A-1";1
"2580-N-N";3
"2584-N-N";3
"26-A-4";28
"261-A-1";5
"262-A-4C";1
"263-A-1";12
"266-A-1";8
"267-A-4C";1
"27-A-1";24
"271-A-1";4
"274-A-3C";3
"28-A-3C";14
"28-A-3E";10
"280-A-4";8
"282-A-4";2
"283-A-1";3
"284-A-1";5
"285-A-1";17
"288-A-1";4
"289-A-1";4
"29-A-1";9
"290-A-1";2
"294-A-4";5
"296-A-1";4
"3-A-1";5
"30-A-1";8
"300-A-1";3
"301-A-1";9
"302-A-1";11
"303-A-1";12
"305-A-1";10
"306-A-1";8
"307-A-1";10
"308-A-1";4
"309-A-1";14
"31-A-1";4
"310-A-1";5
"311-A-1";16
"312-A-1";3
"314-A-1";7
"315-A-1";7
"316-A-1";6
"317-A-1";8
"318-A-1";17
"32-A-4";3
"320-A-1";7
"324-A-1";5
"327-A-1";11
"328-A-1";4
"33-A-1";14
"330-A-1";11
"331-A-1";20
"333-A-1";10
"335-A-1";6
"336-A-1";9
"338-A-1";1
"339-A-4";2
"34-A-1";19
"340-A-1";7
"342-A-1";12
"343-A-1";14
"345-A-4C";7
"35-A-1";13
"351-A-4C";1
"352-A-1";2
"358-A-1";14
"359-A-1";3
"360-A-1";5
"361-A-1";10
"362-A-1";2
"363-A-1";12
"364-A-1";5
"365-A-1";9
"368-A-1";10
"37-A-3C";8
"37-A-3E";22
"371-A-1";9
"379-A-1";1
"38-A-4C";1
"381-A-4";3
"384-A-1";2
"39-A-4";6
"391-A-1";5
"399-A-1";2
"4-A-1";7
"400-A-1";5
"41-A-1";5
"410-A-1";11
"411-A-1";16
"416-A-1";4
"418-A-3C";5
"418-A-3E";2
"42-A-1";9
"423-A-1";6
"429-A-1";25
"43-A-1";10
"430-A-4";10
"431-A-1";12
"432-A-1";9
"435-A-1";20
"437-A-1";8
"438-A-1";5
"439-A-4";9
"44-A-1";12
"440-A-4";4
"441-A-4";10
"444-A-4C";1
"445-A-4";4
"447-A-4";7
"448-A-3C";2
"448-A-3E";4
"449-A-3C";1
"45-A-1";7
"451-A-1";11
"452-A-1";4
"454-A-1";14
"457-A-1";11
"458-A-1";13
"459-A-1";1
"46-A-1";16
"460-A-1";13
"461-A-1";1
"462-A-4C";3
"463-A-4C";5
"465-A-4";10
"468-A-4";14
"469-A-1";2
"47-A-1";20
"471-A-1";5
"474-A-1";4
"475-A-1";2
"477-A-1";7
"478-A-4";15
"479-A-4C";8
"48-A-1";24
"480-A-4";5
"483-A-4";1
"484-A-1";6
"487-A-4";16
"488-A-4";5
"489-A-4";4
"49-A-1";19
"491-A-3C";14
"492-A-3C";3
"492-A-3E";2
"493-A-1";14
"496-A-4";2
"5-A-1";11
"500-A-1";8
"502-A-1";20
"504-A-1";18
"505-A-4";22
"506-A-1";9
"508-A-4";1
"509-A-1";9
"510-A-1";18
"511-A-1";16
"513-A-4";18
"514-A-4";12
"515-A-1";8
"516-A-1";28
"518-A-3C";6
"518-A-3E";6
"519-A-1";2
"524-A-1";6
"525-A-1";1
"526-A-1";6
"53-A-1";7
"532-A-1";13
"534-A-1";9
"535-A-1";29
"536-A-1";6
"538-A-4";2
"539-A-1";1
"54-A-1";6
"540-A-4C";1
"541-A-1";5
"542-A-4";5
"543-A-4C";1
"547-A-1";4
"548-A-1";2
"55-A-1";15
"550-A-1";1
"551-A-1";4
"554-A-4";4
"556-A-3C";6
"559-A-1";7
"56-A-1";9
"562-A-1";5
"564-A-1";14
"565-A-1";18
"567-A-4C";5
"569-A-4";14
"570-A-1";5
"573-A-1";2
"577-A-1";7
"58-A-1";15
"586-A-1";4
"589-A-1";3
"590-A-1";3
"594-A-1";27
"595-A-1";32
"596-A-1";1
"597-A-1";21
"598-A-1";22
"599-A-1";1
"6-A-1";24
"60-A-1";22
"600-A-3E";10
"602-A-1";11
"604-A-1";7
"605-A-3C";11
"605-A-3E";8
"606-A-1";6
"607-A-1";12
"608-A-4";11
"609-A-1";2
"61-A-1";9
"610-A-4";2
"612-A-1";13
"613-A-1";2
"615-A-1";6
"616-A-1";17
"617-A-1";7
"618-A-1";6
"619-A-3E";14
"620-A-1";20
"623-A-1";20
"625-A-1";5
"632-A-1";4
"635-A-1";6
"64-A-4";3
"640-A-1";6
"641-A-1";22
"642-A-1";3
"644-A-1";4
"649-A-1";2
"65-A-1";6
"650-A-1";2
"651-A-1";5
"653-A-1";14
"654-A-1";9
"655-A-1";14
"657-A-1";5
"659-A-3C";4
"659-A-3E";20
"660-A-3C";9
"660-A-3E";18
"661-A-1";2
"662-A-1";1
"663-A-1";16
"664-A-1";19
"667-A-1";15
"668-A-1";21
"669-A-1";3
"67-A-1";6
"670-A-1";2
"672-A-1";11
"673-A-1";7
"674-A-1";14
"680-A-4";20
"682-A-1";10
"683-A-1";18
"684-A-4";20
"685-A-1";3
"686-A-1";11
"689-A-1";8
"690-A-1";19
"691-A-1";5
"692-A-1";8
"693-A-1";1
"695-A-1";1
"696-A-1";17
"698-A-1";2
"699-A-1";24
"7-A-1";14
"701-A-1";5
"702-A-1";39
"703-A-1";38
"707-A-1";3
"708-A-1";15
"709-A-1";29
"71-A-4";10
"710-A-1";4
"711-A-1";15
"712-A-1";12
"713-A-3C";8
"713-A-3E";14
"714-A-1";39
"715-A-1";13
"716-A-1";8
"717-A-1";30
"718-A-1";5
"719-A-1";5
"72-A-4";17
"721-A-1";8
"729-A-1";16
"733-A-1";33
"734-A-1";46
"735-A-1";19
"736-A-1";14
"737-A-1";5
"738-A-4C";1
"740-A-1";6
"742-A-1";1
"743-A-1";11
"744-A-1";6
"745-A-4C";6
"748-A-4";2
"749-A-1";12
"75-A-1";33
"750-A-3C";4
"750-A-3E";4
"751-A-1";17
"752-A-1";24
"753-A-4C";3
"754-A-4C";8
"755-A-1";25
"756-A-1";6
"757-A-1";5
"758-A-1";38
"759-A-1";24
"760-A-1";2
"762-A-1";3
"763-A-4C";3
"764-A-3C";14
"764-A-3E";19
"766-A-3C";5
"766-A-3E";17
"767-A-1";5
"769-A-1";11
"77-A-3C";50
"77-A-3E";16
"770-A-1";17
"771-A-3C";5
"771-A-3E";3
"772-A-3C";12
"772-A-3E";1
"775-A-1";8
"776-A-1";2
"777-A-1";18
"78-A-1";14
"780-A-1";8
"784-A-3C";9
"784-A-3E";4
"79-A-3C";3
"79-A-3E";3
"790-A-3C";5
"790-A-3E";8
"792-A-3C";15
"792-A-3E";17
"794-A-3C";7
"794-A-3E";18
"795-A-3C";9
"795-A-3E";7
"797-A-3C";14
"797-A-3E";17
"798-A-1";3
"799-A-1";1
"8-A-1";6
"801-A-1";6
"81-A-4";18
"810-A-1";2
"813-A-1";4
"814-A-1";35
"816-A-1";18
"817-A-3C";41
"818-A-3C";8
"818-A-3E";11
"82-A-1";27
"820-A-1";3
"822-A-6C";39
"824-A-1";29
"825-A-1";1
"826-A-6C";14
"827-A-6C";4
"828-A-6C";39
"829-A-6C";17
"830-A-6C";27
"833-A-6C";2
"834-A-6C";18
"84-A-4C";6
"841-A-4";4
"85-A-1";21
"851-A-1";3
"852-A-1";16
"853-A-1";21
"854-A-1";25
"855-A-3C";21
"855-A-3E";2
"856-A-1";31
"858-A-4";4
"859-A-4";18
"86-A-1";3
"860-A-3E";16
"861-A-1";26
"862-A-1";41
"863-A-1";9
"864-A-1";21
"865-A-4";14
"866-A-3C";2
"866-A-3E";7
"869-A-1";57
"87-A-1";26
"870-A-1";11
"873-A-4";36
"875-A-4";26
"877-A-1";8
"878-A-1";28
"879-A-1";5
"88-A-4";4
"880-A-1";9
"881-A-4C";7
"882-A-1";30
"883-A-1";16
"886-A-1";5
"888-A-4C";8
"889-A-1";16
"89-A-1";28
"890-A-1";11
"891-A-1";18
"892-A-1";18
"893-A-3C";19
"893-A-3E";8
"896-A-1";6
"897-A-1";41
"9-A-1";11
"902-A-1";2
"906-A-1";18
"907-A-1";25
"91-A-1";14
"914-A-1";13
"916-A-1";31
"918-A-1";18
"92-A-1";15
"920-A-4";9
"921-A-1";23
"922-A-1";5
"925-A-1";3
"927-A-4";2
"93-A-4";10
"930-A-3C";8
"930-A-3E";9
"932-A-3E";1
"933-A-1";18
"934-A-4";5
"935-A-1";45
"936-A-1";31
"937-A-1";27
"939-A-1";23
"94-A-1";19
"943-A-4";13
"95-A-1";14
"951-A-4";14
"952-A-1";10
"953-A-1";9
"954-A-1";37
"955-A-1";14
"956-A-1";15
"958-A-1";1
"959-A-1";1
"96-A-1";18
"960-A-1";14
"962-A-1";22
"967-A-1";3
"97-A-1";25
"970-A-1";7
"971-A-1";24
"972-A-4";16
"973-A-1";21
"975-A-4";3
"98-A-1";3
"980-A-1";11
"983-A-1";6
"985-A-3C";13
"985-A-3E";12
"987-A-4C";2
"988-A-4";23
"99-A-1";28
"993-A-1";12
"994-A-1";30
"997-A-1";18
"998-A-1";16
